{
    "Linear Regression": {
        "MAE": 4181.561524000789,
        "RMSE": 5796.556335884076,
        "R2 Score": 0.7835726930039906
    },
    "Ridge Regression": {
        "MAE": 4187.274297456985,
        "RMSE": 5798.56749007227,
        "R2 Score": 0.783422485132497
    },
    "Gradient Boosting": {
        "MAE": 2407.9417155431834,
        "RMSE": 4325.570608541808,
        "R2 Score": 0.8794801049882881
    }
}